{"initial_reset_timestamp": 1659689335.6568372, "timestamps": [1659689349.359552], "episode_lengths": [1000], "episode_rewards": [5577.9168422433795], "episode_types": ["t"]}